{
  "credit": "Made with Blockbench",
  "parent": "builtin/entity",
  "texture_size": [
    64,
    64
  ],
  "display": {
    "thirdperson_righthand": {
      "translation": [
        0.75,
        -1.5,
        1.25
      ],
      "scale": [
        1.2,
        1.2,
        1.2
      ]
    },
    "firstperson_righthand": {
      "rotation": [
        8.079999999999927,
        8.960000000000036,
        -0.8200000000001637
      ],
      "translation": [
        -6.5,
        4.25,
        1.75
      ]
    },
    "firstperson_lefthand": {
      "rotation": [
        7.260000000000218,
        9.989999999999782,
        -0.1999999999998181
      ],
      "translation": [
        -5.75,
        4.25,
        1.25
      ]
    },
    "ground": {
      "translation": [
        0,
        0,
        -3
      ]
    },
    "gui": {
      "rotation": [
        0,
        150,
        0
      ],
      "translation": [
        -0.75,
        -2.25,
        0
      ],
      "scale": [
        1.5,
        1.5,
        1.5
      ]
    },
    "head": {
      "translation": [
        0,
        6,
        -7.25
      ],
      "scale": [
        1.5,
        1.5,
        1.5
      ]
    },
    "fixed": {
      "rotation": [
        -180,
        89.5,
        -180
      ],
      "translation": [
        -10.25,
        -6.5,
        -2.75
      ],
      "scale": [
        3,
        3,
        3
      ]
    }
  },
  "textures": {
    "particle": "smogline:item/machinegun"
  }
}